,country,year,Life Ladder,Log GDP per capita,Social support,Healthy life expectancy at birth,Freedom to make life choices,Generosity,Perceptions of corruption,Positive affect,Negative affect,Confidence in national government,Democratic Quality,Delivery Quality,suicides_no,population,rate,per100k,GPI
0,Argentina,2011,6.775805472999999,9.884780884,0.889073491,67.48000336,0.815802038,-0.170261562,0.754645705,0.840047896,0.23185515399999998,0.607537687,0.251967728,-0.44232934700000004,2912.0,38015739.0,7.659985249793514e-05,7.659985249793514,1.852
1,Argentina,2012,6.468387127000001,9.863960266,0.901776373,67.66000366,0.747498393,-0.143875062,0.816546202,0.8565163020000001,0.272219121,0.41825547799999996,0.19912523,-0.572653413,3248.0,38441778.0,8.449140932034933e-05,8.449140932034933,1.763
2,Argentina,2013,6.582260132,9.877256393,0.9098742009999999,67.83999634,0.737250388,-0.126476035,0.822900295,0.8424785140000001,0.25420472,0.433749259,0.171151072,-0.593692005,2987.0,38859125.0,7.686740244408489e-05,7.6867402444084885,1.907
3,Argentina,2014,6.671114445,9.841482162,0.917870402,68.01999664,0.7450577620000001,-0.16044876,0.8541916009999999,0.857123733,0.237912863,0.408961415,0.17009933300000002,-0.665261686,3231.0,39276555.0,8.226281556516349e-05,8.22628155651635,1.789
4,Argentina,2015,6.69713068,9.858328819,0.926492274,68.19999695,0.8812236790000001,-0.170244098,0.8509061929999999,0.858544469,0.305354923,0.378169239,0.21326923399999997,-0.576050639,3073.0,39699624.0,7.740627467907504e-05,7.740627467907504,1.865
5,Armenia,2011,4.2604913710000005,8.856818199,0.705108464,65.36000061,0.464524716,-0.211577132,0.874601007,0.47454935299999995,0.45907408,0.335884422,-0.377324402,-0.238400981,67.0,2670366.0,2.5090193628888326e-05,2.5090193628888326,2.26
6,Armenia,2012,4.319711685,8.924141883999999,0.6764464379999999,65.51999664,0.5018637779999999,-0.20153889100000003,0.8925443890000001,0.517862976,0.463855445,0.285362303,-0.20784822100000003,-0.17465871600000002,79.0,2814300.0,2.8070923497850264e-05,2.8070923497850266,2.238
7,Armenia,2013,4.277191162,8.952596664,0.723260045,65.68000031,0.504081845,-0.181962714,0.8997967840000001,0.562174141,0.449949831,0.260400474,-0.238822803,-0.138635218,67.0,2810664.0,2.383778352730885e-05,2.383778352730885,2.123
8,Armenia,2014,4.453083038,8.983579636,0.7387635109999999,65.83999634,0.506487131,-0.20509801800000002,0.920390487,0.5809598570000001,0.40398433799999994,0.214914635,-0.429609358,-0.21863260899999998,58.0,2803029.0,2.069190151082989e-05,2.069190151082989,2.097
9,Armenia,2015,4.34831953,9.011393547,0.7225510479999999,66.0,0.5510266420000001,-0.189388379,0.9014621970000001,0.594142795,0.43794772,0.17092786699999998,-0.394301742,-0.21014186699999998,74.0,2795335.0,2.6472676799024088e-05,2.647267679902409,2.028
10,Armenia,2016,4.325471878,9.010698318,0.709218323,66.30000305,0.610986948,-0.157248631,0.9214210509999999,0.593600273,0.437227815,0.18471303600000002,-0.620787561,-0.147838444,67.0,2784119.0,2.4065063310871412e-05,2.406506331087141,2.218
11,Australia,2011,7.405616283,10.64290237,0.9670292140000001,72.30000305,0.9445864559999999,0.360889763,0.381771743,0.8158602709999999,0.195323676,0.5307866929999999,1.1947155,1.8354439740000001,2392.0,20881910.0,0.0001145489086007937,11.45489086007937,1.455
12,Australia,2012,7.195585727999999,10.66322899,0.9445990320000001,72.40000153,0.935146272,0.265168518,0.368251741,0.810741782,0.214396909,0.420419186,1.248593807,1.79015696,2580.0,21238909.0,0.00012147516616790439,12.147516616790439,1.494
13,Australia,2013,7.364169121000001,10.67169762,0.9282051920000001,72.5,0.933379173,0.26027953600000003,0.43153902899999996,0.818835258,0.177142262,0.455871463,1.233743429,1.75117445,2608.0,21600180.0,0.00012073973457628593,12.073973457628593,1.4380000000000002
14,Australia,2014,7.288550377000001,10.68160057,0.92379874,72.59999847,0.9229322670000001,0.31003502,0.44202137,0.775209963,0.245304301,0.464676231,1.196954012,1.81184423,2891.0,21927587.0,0.00013184305231578832,13.184305231578831,1.414
15,Australia,2015,7.309060574,10.6901989,0.95186156,72.69999695,0.9218710059999999,0.323258132,0.35655438899999997,0.7900502090000001,0.209636971,0.47855684200000004,1.1202399729999999,1.765201688,3027.0,22240785.0,0.00013610131117224505,13.610131117224505,1.329
16,Austria,2011,7.470512867,10.70218182,0.944156826,71.54000092,0.9393556120000001,0.129719824,0.702721,0.7894708509999999,0.14523755,0.406920105,1.297982693,1.5584615469999998,1288.0,7995146.0,0.00016109774605742034,16.109774605742036,1.337
17,Austria,2012,7.400688647999999,10.70440388,0.9451423879999999,71.68000031,0.919703901,0.11593899099999999,0.770585775,0.8222477440000001,0.15667499599999998,0.376573861,1.39467001,1.586992741,1276.0,8031276.0,0.0001588788630847701,15.88788630847701,1.328
18,Austria,2013,7.498802662,10.6987648,0.9498091940000001,71.81999969,0.921734452,0.166400507,0.6789368990000001,0.787312806,0.162603319,0.417099237,1.410333991,1.620333314,1291.0,8079615.0,0.00015978484123315283,15.978484123315283,1.25
19,Austria,2014,6.9499998089999995,10.69920254,0.8989204759999999,71.95999908,0.8850268720000001,0.11564018599999999,0.566931307,0.7796927690000001,0.17014955,0.40769541299999995,1.331010818,1.6218787430000001,1314.0,8141165.0,0.0001614019615128793,16.14019615128793,1.2
20,Austria,2015,7.07644701,10.69885254,0.9281103009999999,72.09999847,0.900305152,0.09687189,0.55747962,0.798262954,0.16446903300000001,0.454789877,1.263259649,1.564293861,1251.0,8219386.0,0.00015220114981824676,15.220114981824675,1.198
21,Austria,2016,7.048071861,10.70244312,0.9263185859999999,72.40000153,0.888513982,0.078159958,0.52364099,0.755902588,0.19742384600000001,0.43263822799999996,1.12349689,1.579037547,1204.0,8319211.0,0.00014472526300871562,14.472526300871563,1.278
22,Bahrain,2011,4.82397604,10.60074043,0.90786773,66.58000183,0.869870365,-0.059311684,0.5825224520000001,0.543587804,0.513719201,,-1.084079385,0.45281717200000005,18.0,1103462.0,1.631229711580462e-05,1.6312297115804621,2.398
23,Bahrain,2012,5.0271868710000005,10.62035942,0.911349595,66.86000061,0.6818228959999999,,0.437915266,0.589015484,0.380814761,,-1.223989725,0.467846751,19.0,1201778.0,1.580990831917376e-05,1.580990831917376,2.247
24,Bahrain,2013,6.689711094,10.66149044,0.8837805390000001,67.13999939,0.8092059490000001,,0.524703264,0.7683830859999999,0.306209415,,-1.32644105,0.49008673399999997,5.0,1214492.0,4.116947662067762e-06,0.41169476620677614,2.109
25,Bahrain,2014,6.165133953,10.688241,,67.41999817,,,,,,,-1.109268665,0.491515696,9.0,1213966.0,7.4137166938777524e-06,0.7413716693877752,2.225
26,Belarus,2011,5.2253079410000005,9.7507267,0.909887791,62.88000107,0.656010866,-0.17566178699999999,0.671938658,0.520889699,0.249455392,,-0.873988688,-1.010501742,2172.0,8947320.0,0.0002427542549053795,24.27542549053795,2.283
27,Belarus,2013,5.876466273999999,9.778838158,0.922505975,64.04000092,0.7234312890000001,-0.18531525100000001,0.653039157,0.6087141629999999,0.206219658,0.507824779,-0.7692347759999999,-0.8343037959999999,1902.0,8910240.0,0.00021346226364273016,21.346226364273015,2.117
28,Belarus,2014,5.8124008179999995,9.795022964,0.8802588579999999,64.62000275,0.647184551,-0.056135095999999995,0.68150872,0.6189292670000001,0.208535567,0.507746696,-0.631544709,-0.6599788670000001,1741.0,8906977.0,0.00019546474634435455,19.546474634435455,2.0780000000000003
29,Belgium,2011,7.111363888,10.627375599999999,0.9369554520000001,70.91999817,0.880153596,-0.01785933,0.711043894,0.834544539,0.225056365,0.289129466,1.139849305,1.472870708,2088.0,10355126.0,0.0002016392654227481,20.16392654227481,1.413
30,Belgium,2012,6.935122012999999,10.62246037,0.92711705,71.04000092,0.8552666309999999,-0.053328025999999994,0.7575725320000001,0.820485771,0.23827680899999998,0.44011718,1.136510849,1.466563344,2026.0,10442637.0,0.0001940122978515867,19.40122978515867,1.376
31,Belgium,2013,7.10366106,10.61957264,0.9091861840000001,71.16000366,0.8907110690000001,0.013638751000000001,0.573664308,0.797417402,0.21713894600000003,0.554124534,1.156564236,1.502777338,1895.0,10526149.0,0.0001800278525413235,18.002785254132352,1.339
32,Belgium,2014,6.855329037000001,10.63007927,0.9435491559999999,71.27999878,0.86095351,-0.001687139,0.511975765,0.797633767,0.251557052,0.46911162100000003,1.033804297,1.40902257,1899.0,10578848.0,0.00017950914882225363,17.950914882225362,1.354
33,Belgium,2015,6.904219151,10.63845348,0.885208845,71.40000153,0.869474947,0.059581742,0.46878463,0.80517751,0.239958704,0.459024221,0.987220764,1.440813541,1867.0,10624356.0,0.0001757282982610899,17.57282982610899,1.365
34,Bosnia and Herzegovina,2011,4.994670868,9.200452805,0.725242853,66.73999786,0.333312094,-0.035492908,0.924784362,0.596072555,0.325734705,,-0.48977494200000005,-0.357607812,5.0,3673312.0,1.3611694296591197e-06,0.13611694296591198,1.893
35,Bosnia and Herzegovina,2014,5.248954296,9.260727882000001,0.787651718,66.86000061,0.411937386,0.231976315,0.976339638,0.531435847,0.262175202,0.095099099,-0.04507716,-0.258664042,313.0,3654169.0,8.5655589547172e-05,8.5655589547172,1.902
36,Brazil,2011,7.037816525,9.614010811,0.916252911,64.76000214,0.833655775,-0.08239139599999999,0.662166715,0.807466984,0.267524213,0.5028913620000001,0.190550372,0.063088119,9822.0,183656441.0,5.3480291497100285e-05,5.348029149710029,2.04
37,Brazil,2012,6.660003662,9.623767853,0.890314102,65.01999664,0.848606348,,0.622543156,0.754624903,0.349758685,0.45893567799999996,0.261933923,-0.035249505,10295.0,185591215.0,5.547137562518786e-05,5.5471375625187855,2.017
38,Brazil,2013,7.140282631,9.644256592,0.9104217290000001,65.27999878,0.784814954,-0.104778685,0.706954181,0.81766206,0.275667757,0.393331289,0.07943648099999999,-0.046088338,10513.0,187458852.0,5.608164078589364e-05,5.608164078589364,2.051
39,Brazil,2014,6.980998992999999,9.640450478,0.898316443,65.54000092,0.713814318,-0.12523615400000002,0.710303426,0.7882299420000001,0.273540527,0.355228692,0.200818866,-0.15146631,10631.0,189285554.0,5.6163821144005525e-05,5.616382114400553,2.073
40,Brazil,2015,6.546896935,9.595779419,0.9066931009999999,65.80000305,0.7989352940000001,-0.025475522999999996,0.7713390590000001,0.7551940079999999,0.32469910399999996,0.198534787,0.063678071,-0.230050266,11163.0,191087085.0,5.8418390756235564e-05,5.8418390756235565,2.122
41,Bulgaria,2011,3.875382423,9.659895897,0.860272288,65.80000305,0.663527906,-0.230002597,0.947978675,0.533738077,0.270931035,0.265244752,0.37591522899999996,0.080465563,763.0,7056527.0,0.00010812684483457655,10.812684483457655,1.845
42,Bulgaria,2012,4.222297192,9.665997505,0.837966621,65.90000153,0.641256452,-0.173897162,0.938208699,0.573091209,0.236632824,0.34292280700000005,0.39037478,0.098021008,872.0,6959652.0,0.00012529362100288923,12.529362100288923,1.699
43,Bulgaria,2013,3.993020535,9.680178642000001,0.829132318,66.0,0.60321337,-0.193329453,0.9620470999999999,0.622750044,0.278313011,0.17089231300000002,0.253990591,0.08163809,721.0,6920644.0,0.00010418105598265132,10.418105598265132,1.663
44,Bulgaria,2014,4.4384398460000005,9.699062347,0.885949194,66.09999847,0.575595915,-0.056858663,0.9546369309999999,0.627810121,0.235593721,0.140402734,0.222501963,0.08854121,724.0,6883874.0,0.00010517333699018896,10.517333699018895,1.6369999999999998
45,Canada,2011,7.426053523999999,10.63502026,0.921669245,72.36000061,0.9509252909999999,0.245647863,0.432991534,0.88138485,0.24772866100000002,0.553290546,1.228660107,1.795956492,3728.0,32615418.0,0.00011430176979488658,11.430176979488659,1.355
46,Canada,2012,7.415144444,10.64052105,0.9481283429999999,72.51999664,0.9179611209999999,0.28257176300000003,0.46560183200000005,0.8567036990000001,0.229332089,0.523448169,1.275260806,1.792761922,3926.0,32961196.0,0.00011910975560474201,11.910975560474201,1.317
47,Canada,2013,7.593793869,10.6534729,0.936239362,72.68000031,0.9160138959999999,0.308129936,0.406236142,0.8512969020000001,0.262850314,0.505976021,1.257454157,1.79271102,4054.0,33314836.0,0.00012168752684239538,12.168752684239537,1.306
48,Chile,2011,6.5263347629999995,9.925136566,0.819078863,69.04000092,0.700734138,0.1029673,0.7527555229999999,0.803743482,0.316876173,0.322867334,0.763231277,1.400258541,2027.0,15910783.0,0.0001273978785330678,12.739787853306778,1.71
49,Chile,2012,6.599128723,9.967881203,0.8552355770000001,69.18000031,0.7336109279999999,0.18632897699999998,0.7821174259999999,0.815391183,0.287592113,0.34326779799999996,0.7040236590000001,1.4441723819999999,1841.0,16075247.0,0.0001145239012501643,11.45239012501643,1.616
50,Chile,2013,6.74015379,9.998721123,0.862404704,69.31999969,0.7368873359999999,0.075803965,0.741154909,0.855062187,0.285453886,0.3072685,0.735013962,1.416341901,1738.0,16242244.0,0.00010700491877846435,10.700491877846435,1.589
51,Chile,2014,6.844238281,10.00763416,0.861552179,69.45999908,0.733326375,0.20803766,0.758497715,0.86981076,0.276103258,0.39953002299999996,0.751715839,1.39434886,1789.0,16406867.0,0.00010903970879997992,10.903970879997992,1.591
52,Chile,2015,6.532749653,10.022008900000001,0.827141881,69.59999847,0.76888144,0.03110862,0.811511338,0.8030247090000001,0.332746744,0.300492525,0.718928695,1.263902068,1838.0,16565725.0,0.00011095198067093351,11.095198067093351,1.5630000000000002
53,Colombia,2011,6.463952541,9.349796295,0.904147327,65.91999817,0.810907423,-0.077774651,0.847268522,0.831615269,0.28595885600000004,0.445631891,-0.672184885,-0.03662632,2044.0,42538305.0,4.805080973489658e-05,4.805080973489658,2.7
54,Colombia,2012,6.374879837000001,9.379259109,0.914372623,66.13999939,0.8278681040000001,-0.013808967,0.868371546,0.8459177609999999,0.293702394,0.35738286399999997,-0.7329008579999999,-0.07942368799999999,2119.0,43055864.0,4.921513130011745e-05,4.9215131300117445,2.625
55,Colombia,2013,6.606550694,9.417053223,0.9007778759999999,66.36000061,0.8411731720000001,-0.075136222,0.898202121,0.8505650159999999,0.27811393100000004,0.29270830800000003,-0.686625302,-0.084210403,2068.0,43546298.0,4.7489685575568326e-05,4.748968557556832,2.634
56,Colombia,2014,6.44878912,9.450613976,0.907402635,66.58000183,0.801191449,-0.094677046,0.886645734,0.84708029,0.278056443,0.298372507,-0.578955114,-0.06621252,2126.0,44021800.0,4.829425421041393e-05,4.829425421041393,2.701
57,Colombia,2015,6.387571812000001,9.471579552,0.8899000290000001,66.80000305,0.790897965,-0.104796246,0.8428993229999999,0.839294553,0.291769385,0.271786749,-0.532614708,-0.034292392000000005,2332.0,44490427.0,5.241577025098006e-05,5.241577025098006,2.72
58,Costa Rica,2011,7.228888512,9.502802849,0.89204818,69.90000153,0.9261057970000001,-0.029892457999999997,0.836583257,0.875645041,0.26922521,0.32253301100000004,0.781069398,0.47204279899999996,316.0,4235514.0,7.460723775201782e-05,7.460723775201782,1.681
59,Costa Rica,2012,7.272250175,9.538064002999999,0.902206898,70.09999847,0.92891407,0.048832808,0.794301391,0.8968852159999999,0.263027132,0.280074805,0.863311112,0.5524562,302.0,4290210.0,7.039282459366791e-05,7.039282459366791,1.659
60,Costa Rica,2013,7.158000469,9.549329757999999,0.9020692709999999,70.30000305,0.897879303,0.021019099,0.812863111,0.850212753,0.278147429,0.26219371,0.8782007690000001,0.560793877,311.0,4347229.0,7.153982456410739e-05,7.153982456410739,1.755
61,Costa Rica,2014,7.247086048,9.573064804,0.914211214,70.5,0.926707387,0.012461432,0.7880374790000001,0.83678627,0.28952890600000003,0.40445292,0.857882202,0.556848884,268.0,4403674.0,6.0858274250092084e-05,6.085827425009208,1.755
62,Croatia,2011,5.385372639,9.940322876,0.789738715,68.0,0.5169324279999999,-0.199542955,0.976777494,0.59750998,0.272979707,,0.572414756,0.34502971200000004,702.0,4189029.0,0.0001675806016143598,16.75806016143598,1.699
63,Croatia,2012,6.027634621,9.920677185,0.775817871,68.09999847,0.541909754,-0.244161829,0.923860013,0.6215745810000001,0.271040529,0.311118603,0.573861003,0.355111867,776.0,4054296.0,0.00019140191046731664,19.140191046731665,1.648
64,Croatia,2013,5.885462761,9.916960716,0.751262069,68.19999695,0.626699686,-0.205661803,0.936059833,0.58999753,0.284729958,0.257140577,0.578204632,0.395032674,692.0,4044457.0,0.00017109836994187353,17.109836994187354,1.571
65,Croatia,2014,5.380692482000001,9.920071602,0.645697773,68.30000305,0.518878043,0.130300209,0.917735159,0.59617871,0.285895109,0.15500845,0.5670263170000001,0.406689763,722.0,4030452.0,0.00017913623583657614,17.913623583657614,1.548
66,Croatia,2015,5.205438137,9.951515198,0.7683634159999999,68.40000153,0.6935230490000001,-0.09829261199999999,0.848545551,0.608886182,0.294019341,0.36486840200000004,0.573095977,0.330905855,739.0,4001669.0,0.00018467294521360962,18.467294521360962,1.55
67,Croatia,2016,5.416875362000001,9.98966217,0.798332155,69.0,0.671970546,-0.06632413,0.884059787,0.613685668,0.336541265,0.30339098,0.594130158,0.36719834799999995,683.0,3978183.0,0.00017168642065988417,17.16864206598842,1.633
68,Cyprus,2011,6.689608574,10.41007519,0.8436545129999999,72.54000092,0.745468855,0.174038678,0.8406764859999999,0.763074279,0.272299588,0.399997503,0.830783844,1.184861422,30.0,800820.0,3.746160185809545e-05,3.7461601858095452,2.013
69,Cyprus,2012,6.180507183,10.36377907,0.767177105,72.68000031,0.724629581,0.092312515,0.870691717,0.755316854,0.36863291299999995,0.3364124,0.828574777,1.218171597,36.0,814305.0,4.420947924917568e-05,4.420947924917568,1.957
70,Cyprus,2013,5.438952446,10.30492973,0.744032085,72.81999969,0.656267941,0.09589079800000001,0.8673104640000001,0.747811615,0.420258701,0.274080217,0.772084951,1.141525269,45.0,813016.0,5.534946421718638e-05,5.534946421718638,1.84
71,Cyprus,2014,5.627123833,10.30179977,0.770175993,72.95999908,0.715065658,0.053457368,0.868237555,0.7372841240000001,0.39717298700000003,0.24474032199999998,0.7859262229999999,1.098010421,44.0,804818.0,5.4670745435614016e-05,5.467074543561401,1.844
72,Cyprus,2015,5.439161301,10.32709026,0.769556105,73.09999847,0.62803483,0.108338967,0.892795146,0.746730089,0.38310641100000004,0.203454718,0.791189313,1.039629698,40.0,796037.0,5.0248920590374565e-05,5.024892059037456,1.924
73,Cyprus,2016,5.794618607,10.35237598,0.786438465,73.30000305,0.7562209959999999,-0.033245488999999996,0.897639513,0.742049396,0.336344689,0.333909512,0.825391352,0.8904638290000001,36.0,803022.0,4.483065221127192e-05,4.483065221127192,1.994
74,Czech Republic,2011,6.331490992999999,10.26804066,0.91351074,68.23999786,0.787180007,-0.10824278,0.949787855,0.600925982,0.252808869,0.206286699,1.065891027,0.877707362,1590.0,9906318.0,0.00016050363010757378,16.050363010757376,1.32
75,Czech Republic,2012,6.334149361000001,10.25861073,0.91242677,68.37999725,0.739808738,-0.155507952,0.956799686,0.609040797,0.256508142,0.169811338,1.012242913,0.825533271,1658.0,9923127.0,0.00016708442812432008,16.708442812432008,1.396
76,Czech Republic,2013,6.697655677999999,10.25343132,0.8880433440000001,68.51999664,0.725945652,-0.15745765,0.91589886,0.719957829,0.252652615,0.24254262399999998,1.034656048,0.8114690179999999,1577.0,9936780.0,0.0001587033224042396,15.87033224042396,1.404
77,Czech Republic,2014,6.4837298389999996,10.27916718,0.877915204,68.66000366,0.800421,-0.169764236,0.8968806859999999,0.6784069540000001,0.23522056600000002,0.339732826,1.008328915,0.885882437,1489.0,9963127.0,0.0001494510709338544,14.94510709338544,1.381
78,Czech Republic,2015,6.608017445,10.32893276,0.9113625879999999,68.80000305,0.8084841970000001,-0.147829607,0.8864674570000001,0.750773847,0.206080526,0.435425878,1.010938764,0.931855083,1387.0,9989325.0,0.00013884822047535744,13.884822047535744,1.341
79,Czech Republic,2016,6.735627173999999,10.3526144,0.930592895,69.30000305,0.8503282670000001,-0.199620038,0.900430739,0.755701959,0.201041639,0.415120721,1.000417948,0.9032307270000001,1318.0,10012831.0,0.00013163110413029044,13.163110413029043,1.36
80,Denmark,2011,7.78823185,10.70107079,0.961736143,70.62000275,0.9347601529999999,0.292957395,0.220043078,0.7694360020000001,0.174883381,0.471823335,1.325999975,2.083353519,589.0,5244150.0,0.00011231562789012519,11.231562789012518,1.289
81,Denmark,2012,7.519909382000001,10.69957066,0.951437175,70.83999634,0.932627916,0.13419172199999999,0.187407613,0.7737635970000001,0.20856951199999998,0.534252763,1.29451251,2.01157999,661.0,5270539.0,0.00012541411798679415,12.541411798679416,1.239
82,Denmark,2013,7.588606834,10.70469189,0.9647079709999999,71.05999756,0.920254648,0.210207686,0.170042172,0.862346828,0.19467379199999998,0.391405106,1.312752008,2.026952028,610.0,5299698.0,0.00011510089820212397,11.510089820212396,1.207
83,Denmark,2014,7.5075592989999995,10.71568489,0.956344306,71.27999878,0.941572249,0.11341865400000001,0.237218335,0.8324829340000001,0.232612774,0.457836896,1.238178492,1.962424636,629.0,5339166.0,0.00011780866150256425,11.780866150256426,1.193
84,Denmark,2015,7.5144248010000005,10.72455978,0.9597013000000001,71.5,0.94143641,0.217952549,0.191016391,0.8292174940000001,0.217577577,0.579888642,1.225186348,1.959059715,564.0,5383060.0,0.00010477312160741288,10.477312160741288,1.15
85,Ecuador,2011,5.795088291,9.203003883,0.818051338,66.95999908,0.7883057,-0.158239976,0.7015956640000001,0.861699998,0.27068767,0.593581021,-0.489961177,-0.8816601040000001,918.0,13583553.0,6.758172916909147e-05,6.758172916909147,2.116
86,Ecuador,2012,5.960716248,9.242050171,0.785201013,67.12000275,0.8252751229999999,-0.08701530800000001,0.729978859,0.847184837,0.333309054,0.637234926,-0.43321031299999996,-0.8087364440000001,976.0,13815861.0,7.064344379260909e-05,7.064344379260909,2.028
87,Ecuador,2013,6.019206047000001,9.274765967999999,0.801250935,67.27999878,0.78679812,-0.19385552399999997,0.645848632,0.8508973120000001,0.26650404899999997,0.6208269000000001,-0.215689272,-0.7422616479999999,676.0,14054613.0,4.809808708357889e-05,4.809808708357889,2.059
88,Ecuador,2014,5.945851802999999,9.296648026,0.8309631940000001,67.44000244,0.7191048259999999,-0.170592427,0.660934925,0.859315515,0.305792958,0.648474455,-0.11049918800000001,-0.823377907,734.0,14295145.0,5.134610386953053e-05,5.134610386953053,2.042
89,Ecuador,2015,5.964075089,9.282580376,0.855889201,67.59999847,0.800870478,-0.11733917099999999,0.665827513,0.850546062,0.32294610100000004,0.522347212,-0.177853748,-0.8249437209999999,1073.0,14534024.0,7.382676676466201e-05,7.382676676466201,1.997
90,Egypt,2011,4.174158573,9.192565918,0.753394485,60.15999985,0.589537799,-0.15840126599999999,0.858596265,0.528634012,0.35341697899999996,0.63178885,-1.288520098,-0.514961481,176.0,75743440.0,2.3236335714353614e-06,0.23236335714353615,2.023
91,Egypt,2012,4.204156876,9.192422867000001,0.736645103,60.31999969,0.45154336100000003,-0.144803181,0.880383074,0.527221382,0.398423016,0.601901174,-1.1006965640000002,-0.5885275010000001,211.0,77116832.0,2.736108246770303e-06,0.2736108246770303,2.22
92,Egypt,2013,3.5585203169999997,9.191586494,0.6751881240000001,60.47999954,0.473774552,-0.148239717,0.913228452,0.55068332,0.483379006,0.292456508,-1.345194936,-0.6955176,149.0,78431389.0,1.8997496015275211e-06,0.18997496015275211,2.258
93,Egypt,2014,4.885072708,9.19824791,0.6185507179999999,60.63999939,0.5779379610000001,-0.133438155,0.749142587,0.542784274,0.32735016899999997,0.703883886,-1.4058880809999998,-0.7181422709999999,88.0,76981540.0,1.1431311974273312e-06,0.11431311974273312,2.571
94,Egypt,2015,4.7625384330000005,9.219856262,0.7297442559999999,60.79999924,0.659261465,-0.095742442,0.684498072,0.609594345,0.344331503,0.7716127629999999,-1.340729475,-0.70613277,48.0,78885166.0,6.08479419311864e-07,0.0608479419311864,2.382
95,El Salvador,2011,4.741294861,8.781316757,0.731277883,64.40000153,0.747246385,-0.124661237,0.7065528040000001,0.875323594,0.33632153299999995,0.490076542,0.077475488,-0.153904423,485.0,5585785.0,8.682754527787948e-05,8.682754527787948,2.215
96,El Salvador,2012,5.934371471,8.804447174,0.806014717,64.59999847,0.6827448009999999,-0.153194159,0.786294818,0.83063215,0.365220815,0.312310934,0.09719512599999999,-0.22828261600000002,512.0,5618823.0,9.1122286642594e-05,9.112228664259401,2.22
97,El Salvador,2013,6.3250632289999995,8.823185921,0.826858878,64.80000305,0.71557045,-0.148116946,0.7717508670000001,0.828256786,0.317476392,0.358650446,-0.023375487,-0.193765968,484.0,5657250.0,8.555393521587344e-05,8.555393521587344,2.24
98,El Salvador,2014,5.856523514,8.837931633,0.797612131,65.0,0.77801466,-0.192817748,0.7814598079999999,0.8372050520000001,0.32985085199999997,0.315775812,0.06400655200000001,-0.141765803,386.0,5696329.0,6.77629399565931e-05,6.7762939956593105,2.28
99,Estonia,2011,5.486819744,10.10818481,0.9087126259999999,66.95999908,0.7352253790000001,-0.171402186,0.68678391,0.651386082,0.205158427,0.417540222,0.872383595,1.176006198,218.0,1249427.0,0.00017447998162357624,17.447998162357624,1.798
100,Estonia,2012,5.363927841000001,10.15393448,0.889454544,67.22000122,0.696825743,-0.196030051,0.7928527,0.647360325,0.198966742,0.272975951,0.87419492,1.156192064,237.0,1251631.0,0.00018935293229394286,18.935293229394286,1.715
101,Estonia,2013,5.367445946,10.17667389,0.900721788,67.48000336,0.753558695,-0.205494925,0.726356387,0.702255547,0.199018165,0.260637581,0.932532012,1.202389479,218.0,1243096.0,0.00017536859582847986,17.536859582847985,1.71
102,Estonia,2014,5.55598259,10.20779419,0.917101741,67.73999786,0.773327112,-0.15770036,0.652447462,0.6804306509999999,0.203439116,0.414985895,0.97528398,1.342396259,241.0,1241852.0,0.00019406499325201393,19.40649932520139,1.635
103,Estonia,2015,5.628908634,10.22374249,0.9179296490000001,68.0,0.8146923779999999,-0.16834341,0.5687344670000001,0.72333771,0.182694778,0.3366898,0.90385133,1.3406986,195.0,1243450.0,0.00015682174594877155,15.682174594877155,1.6769999999999998
104,Finland,2011,7.354225158999999,10.6135788,0.937856853,70.63999939,0.936448395,0.096755996,0.319593191,0.772944152,0.20523864,0.565402389,1.4505112169999999,2.052244186,912.0,5085985.0,0.0001793162976296627,17.93162976296627,1.352
105,Finland,2012,7.420209408,10.59445572,0.9277393820000001,70.87999725,0.920968115,-0.00570858,0.360733956,0.7962850929999999,0.201654434,0.5979415770000001,1.50073123,2.0591225619999998,873.0,5110450.0,0.0001708264438552378,17.082644385523782,1.348
106,Finland,2013,7.444635868,10.58223915,0.940869093,71.12000275,0.918625355,0.034851782000000005,0.305770457,0.7689573759999999,0.194672555,0.42059373899999997,1.47943902,2.041153908,887.0,5135433.0,0.00017272156018781668,17.27215601878167,1.297
107,Finland,2014,7.384571075,10.57176685,0.952016532,71.36000061,0.933043957,-0.005278334,0.265479892,0.7841095920000001,0.198813885,0.468558848,1.412057161,2.037089586,789.0,5159944.0,0.0001529086362177574,15.29086362177574,1.297
108,Finland,2015,7.447925568,10.56982231,0.947800577,71.59999847,0.9298619029999999,0.10706687,0.223369658,0.75131619,0.191057593,0.55760026,1.29203558,1.9970266819999998,731.0,5181797.0,0.00014107075209623225,14.107075209623225,1.277
109,France,2011,6.959185122999999,10.53051186,0.92128557,72.40000153,0.903366625,-0.106961221,0.626624525,0.780809402,0.28099477300000003,0.375089258,0.8868305679999999,1.374962091,10408.0,59344643.0,0.0001753823003029945,17.53823003029945,1.6969999999999998
110,France,2012,6.649365425,10.52749729,0.93709743,72.59999847,0.8413203359999999,-0.153478965,0.607905269,0.754119575,0.252988011,0.44062534,0.8965236540000001,1.3451526169999999,9743.0,59638457.0,0.00016336774105339447,16.336774105339448,1.71
111,France,2013,6.66712141,10.52809525,0.9076908229999999,72.80000305,0.8777957559999999,-0.12892994300000002,0.6990693809999999,0.8001360890000001,0.20496968899999998,0.395130515,0.833995342,1.3488167519999998,9600.0,59910069.0,0.00016024017598777928,16.024017598777927,1.863
112,France,2014,6.466867924,10.53272915,0.877504528,73.0,0.8034741879999999,-0.122516043,0.6556374429999999,0.8110544679999999,0.215893835,0.26380172399999996,0.759364009,1.317823052,8881.0,60275954.0,0.00014733902013396586,14.733902013396586,1.808
113,Georgia,2011,4.203030586000001,8.897694588,0.502937376,64.86000061,0.632464528,-0.238249794,0.35334640700000003,0.514920652,0.246770427,0.6573436260000001,-0.41482541,0.302998662,99.0,4202600.0,2.3556845762147243e-05,2.3556845762147245,2.5580000000000003
114,Georgia,2012,4.254445553,8.972251892000001,0.532586455,64.91999817,0.65872401,-0.252974212,0.320887595,0.559153914,0.25008785699999997,0.6108416320000001,-0.3294366,0.42155683,104.0,4200900.0,2.4756599776238425e-05,2.4756599776238426,2.541
115,Georgia,2013,4.348920822,9.018454552,0.5591657760000001,64.98000336,0.722127616,-0.238760307,0.34871360700000004,0.595041275,0.199907079,0.633562744,-0.151275828,0.451273233,157.0,4192600.0,3.7446930305776845e-05,3.7446930305776847,2.511
116,Georgia,2014,4.287508011,9.076712608,0.5584200020000001,65.04000092,0.71978116,-0.218929097,0.415525645,0.569884002,0.204327509,0.528196216,-0.018420786,0.600000978,194.0,3470600.0,5.589811559960814e-05,5.589811559960814,2.225
117,Georgia,2015,4.1219406130000005,9.107768059,0.517371595,65.09999847,0.639944971,-0.191066504,0.50241679,0.547279775,0.23319208600000002,0.254327297,-0.09576006199999999,0.56956923,192.0,3458400.0,5.551700208188758e-05,5.551700208188758,1.973
118,Germany,2011,6.621312141000001,10.6617794,0.947236657,70.98000336,0.906293273,0.028837385,0.677172124,0.7936662440000001,0.165199533,0.42458313700000005,1.095714569,1.617307305,10153.0,78371140.0,0.00012955024005010008,12.955024005010008,1.416
119,Germany,2012,6.7023620610000005,10.66480923,0.926406622,71.05999756,0.9044404629999999,0.066865228,0.67923671,0.803739309,0.169576168,0.5169281960000001,1.084679604,1.656006575,9896.0,78508115.0,0.00012605066367979922,12.605066367979921,1.4240000000000002
120,Germany,2013,6.965125083999999,10.66696453,0.931420565,71.13999939,0.894312978,0.020103833,0.56579423,0.743487358,0.204995915,0.557760656,1.167083979,1.6397185330000001,10091.0,77270988.0,0.00013059235116807358,13.059235116807358,1.431
121,Germany,2014,6.984214306,10.68190861,0.937558949,71.22000122,0.8986834290000001,0.083833963,0.473952919,0.785408497,0.187844872,0.601368845,1.180758357,1.782412052,10217.0,77552369.0,0.00013174323533559625,13.174323533559626,1.423
122,Germany,2015,7.037137508,10.69053364,0.9259232279999999,71.30000305,0.889428854,0.173545972,0.412168294,0.764539361,0.20270516,0.628003657,1.060863018,1.773268819,10088.0,78136683.0,0.00012910709301545344,12.910709301545344,1.379
123,Greece,2011,5.372039795,10.17127228,0.85155499,71.55999756,0.5281259420000001,-0.317883313,0.941152513,0.591371894,0.322790802,0.17515121399999997,0.360879898,0.370681077,477.0,10728724.0,4.4460086772667466e-05,4.446008677266747,1.947
124,Greece,2012,5.0963540080000005,10.10087299,0.81214112,71.62000275,0.37261042,-0.306134254,0.958908975,0.580687582,0.35150629299999997,0.126218989,0.241770923,0.271006763,508.0,10539802.0,4.8198248885510374e-05,4.819824888551038,1.976
125,Greece,2013,4.720251083,10.07517338,0.686650038,71.68000031,0.42596653100000004,-0.27318894899999996,0.941309869,0.689162374,0.48218315799999995,0.143608585,0.257947892,0.378082395,533.0,10431289.0,5.109627391207357e-05,5.109627391207357,1.957
126,Greece,2014,4.75623703,10.08920479,0.832333207,71.73999786,0.369156331,-0.28912001800000003,0.9302138090000001,0.6946759220000001,0.385433316,0.18829274199999999,0.23915565,0.24203392899999998,565.0,10380547.0,5.44287309714989e-05,5.44287309714989,2.052
127,Greece,2015,5.622519016,10.09288025,0.834824681,71.80000305,0.531736314,-0.27328527,0.8239596490000001,0.73975122,0.277412534,0.437318921,0.210621193,0.21409152399999998,529.0,10331286.0,5.1203693325303356e-05,5.120369332530336,1.878
128,Guatemala,2011,5.743353844,8.831199646,0.768112421,62.45999908,0.7629631159999999,0.006181439,0.8630393740000001,0.844493687,0.28935790100000003,0.355844259,-0.528053045,-0.598914325,359.0,13017342.0,2.7578594769961488e-05,2.7578594769961486,2.405
129,Guatemala,2012,5.855717182,8.839147568,0.802148998,62.81999969,0.865472019,0.017802276000000002,0.8209239840000001,0.8627834320000001,0.349404961,0.502455831,-0.49497941100000004,-0.665707707,420.0,13335425.0,3.149505921258602e-05,3.1495059212586023,2.287
130,Guatemala,2013,5.984601498,8.854383469,0.8296504020000001,63.18000031,0.88400501,0.042661797,0.8167698379999999,0.866773844,0.33252427,0.467045605,-0.5203495029999999,-0.653253078,455.0,13641878.0,3.335317908575344e-05,3.335317908575344,2.221
131,Guatemala,2014,6.536030769,8.874507904,0.833974659,63.54000092,0.843398929,0.10562703,0.804462552,0.8353680370000001,0.305114686,0.37320032700000005,-0.496581316,-0.654778361,512.0,13947190.0,3.6709903571973994e-05,3.6709903571973994,2.248
132,Guatemala,2015,6.464986801,8.894631386,0.822837472,63.90000153,0.868639767,0.049555305,0.821654916,0.8513708109999999,0.31055378899999997,0.272380829,-0.5007262229999999,-0.651932836,494.0,14258397.0,3.464625090744773e-05,3.4646250907447733,2.215
133,Hungary,2011,4.917602539,10.03632164,0.893662214,65.76000214,0.631100118,-0.09554869699999999,0.939908028,0.642114282,0.30451956399999996,0.35979417,0.790113568,0.717952192,2420.0,9495011.0,0.0002548706894599701,25.48706894599701,1.495
134,Hungary,2012,4.683358192,10.02491188,0.906113982,65.91999817,0.56923151,-0.142413616,0.930297315,0.65190798,0.315398008,0.209778264,0.712581217,0.64710778,2349.0,9453181.0,0.0002484877841649282,24.848778416492816,1.476
135,Hungary,2013,4.914466858,10.04841042,0.877318323,66.08000183,0.673728287,-0.11943166,0.911533177,0.705703676,0.306724131,0.32789593899999997,0.766919494,0.616362095,2092.0,9433840.0,0.0002217548739431663,22.17548739431663,1.52
136,Hungary,2014,5.18056345,10.09251308,0.844735265,66.23999786,0.494474709,-0.15642684699999998,0.855361402,0.650690138,0.237619638,0.308385164,0.6115855570000001,0.48798129,1925.0,9412788.0,0.0002045090147573705,20.45090147573705,1.482
137,Hungary,2015,5.34438324,10.12800789,0.858733833,66.40000153,0.557721376,-0.204279527,0.907530308,0.7068147659999999,0.244536385,0.279211909,0.653114259,0.4530572,1868.0,9389519.0,0.00019894522818474515,19.894522818474513,1.463
138,Hungary,2016,5.448901652999999,10.15285015,0.899511576,66.80000305,0.55395174,-0.19341144,0.924185812,0.66591078,0.24332577,0.30377233,0.527955234,0.394931078,1762.0,9355723.0,0.00018833392138694144,18.833392138694144,1.534
139,Iceland,2012,7.590660095,10.59492397,0.978965282,72.76000214,0.9046545029999999,0.239700317,0.7585856320000001,0.899718463,0.157153815,0.257335573,1.34399128,1.545394659,37.0,297238.0,0.00012447937343139167,12.447937343139166,1.113
140,Iceland,2013,7.501394272000001,10.62764359,0.967144907,72.83999634,0.9232077,0.304012835,0.712598741,0.869971037,0.15627557,0.456565946,1.363351345,1.551135063,49.0,300456.0,0.00016308544345927523,16.308544345927523,1.162
141,Iceland,2015,7.498070717,10.67007351,0.980283201,73.0,0.94048512,0.298925996,0.638661802,0.849020839,0.179504439,0.42722812299999996,1.342286825,1.5931270119999998,40.0,308554.0,0.00012963695171671732,12.963695171671732,1.148
142,Iceland,2016,7.510034561,10.7283411,0.984940052,73.0,0.9516095520000001,0.278244555,0.719299555,0.873887897,0.158169165,0.36351829799999996,1.358806014,1.532976985,40.0,313780.0,0.0001274778507234368,12.74778507234368,1.192
143,Iran,2013,5.139579296,9.704015732,0.66370672,64.62000275,0.730214715,0.185000196,0.685038149,0.659087777,0.551839709,0.687470555,-1.429029226,-0.9633100029999999,2442.0,70575720.0,3.4601134781196704e-05,3.4601134781196703,2.4730000000000003
144,Iran,2014,4.682224274,9.736499786,0.644063771,64.86000061,0.7668229940000001,0.21000179600000002,0.639682412,0.618345201,0.5115690829999999,0.744599879,-1.2278656959999998,-0.8901181220000001,2485.0,71510966.0,3.4749915138889326e-05,3.4749915138889325,2.437
145,Iran,2015,4.749955654,9.711170197000001,0.572406888,65.09999847,0.780383229,0.14568181300000002,0.6989512440000001,0.644848764,0.519858181,0.753276825,-1.2196063999999998,-0.762112558,2372.0,72460999.0,3.2734850923046206e-05,3.273485092304621,2.4090000000000003
146,Ireland,2011,7.006904125,10.71768761,0.977377594,71.59999847,0.952034354,0.379793316,0.589912653,0.86522454,0.19030945,0.529104173,1.127179742,1.5939091440000002,554.0,4218849.0,0.00013131543698293065,13.131543698293065,1.37
147,Ireland,2012,6.964645386,10.71382141,0.9617859129999999,71.69999695,0.90219456,0.29874143,0.572632253,0.835201979,0.23666156800000002,0.34587270000000003,1.131797075,1.579027534,542.0,4220806.0,0.00012841149297077384,12.841149297077383,1.328
148,Ireland,2013,6.760085106,10.72481155,0.955188334,71.80000305,0.883772016,0.327679008,0.558394194,0.814344585,0.245267823,0.28501555300000003,1.1064054970000001,1.584632158,487.0,4227378.0,0.0001152014321879898,11.52014321879898,1.37
149,Ireland,2014,7.018379211,10.7974987,0.9677446479999999,71.90000153,0.921629548,0.259822041,0.406036258,0.7843348379999999,0.22872304899999998,0.459882379,1.185246229,1.6865000719999999,486.0,4328043.0,0.00011229093611130942,11.229093611130942,1.384
150,Israel,2011,7.433147907,10.32739449,0.8926965590000001,72.45999908,0.722269237,0.13853652800000002,0.891295373,0.7379072309999999,0.38447502299999997,0.271090537,-0.27400425100000003,1.119241357,409.0,6971495.0,5.866747376280123e-05,5.866747376280124,2.901
151,Israel,2012,7.110854626,10.32817173,0.9034155009999999,72.51999664,0.681439221,0.150700644,0.862327278,0.665101826,0.319231451,0.343569756,-0.217279762,1.074690342,430.0,7095360.0,6.060298561313309e-05,6.060298561313309,2.842
152,Israel,2013,7.320563316,10.34980011,0.908515871,72.58000183,0.739001632,0.148229972,0.848537862,0.697945952,0.408576161,0.451302052,-0.225939274,1.07678926,372.0,7226008.0,5.1480706913139315e-05,5.148070691313931,2.73
153,Israel,2014,7.400570393,10.36413765,0.8890697359999999,72.63999939,0.7069746259999999,0.091592588,0.8180399540000001,0.604293108,0.271255702,0.44364184100000004,-0.15607816,1.1001014709999999,382.0,7366252.0,5.1858122692517174e-05,5.185812269251717,2.689
154,Israel,2015,7.07941103,10.37425232,0.8641301990000001,72.69999695,0.7527839540000001,0.105966061,0.7894299029999999,0.696547687,0.256258249,0.405343235,-0.17502349600000003,1.19148016,342.0,7516180.0,4.5501837369514837e-05,4.5501837369514835,2.781
155,Italy,2011,6.057086468,10.50087643,0.913309336,72.83999634,0.567738414,-0.020065753000000002,0.9334609509999999,0.6583942770000001,0.265567929,0.25955969100000004,0.70651567,0.43591269899999996,4153.0,56610149.0,7.336140380058e-05,7.336140380058,1.775
156,Italy,2012,5.8393139839999995,10.46958542,0.86948663,72.87999725,0.570094943,0.110555314,0.9083236459999999,0.66976124,0.387652248,0.28069460399999996,0.712513387,0.410039097,4257.0,56795085.0,7.495366896624946e-05,7.495366896624946,1.69
157,Italy,2013,6.009373665,10.44056034,0.916296065,72.91999817,0.499168754,-0.104565948,0.942639291,0.778827429,0.35661619899999997,0.145972148,0.7248582840000001,0.424433529,4290.0,57503331.0,7.460437378836367e-05,7.460437378836367,1.663
158,Italy,2014,6.026585102,10.43252182,0.89789933,72.95999908,0.623531222,-0.06720639,0.919959545,0.7160642740000001,0.35601961600000004,0.309035748,0.7287139890000001,0.340944111,4147.0,58100676.0,7.137610584771853e-05,7.137610584771854,1.675
159,Italy,2015,5.847683907,10.44295979,0.9089865090000001,73.0,0.5747657420000001,-0.066691227,0.912753046,0.6917721029999999,0.329209089,0.260625869,0.705309868,0.367061794,3988.0,58117697.0,6.861937423294664e-05,6.8619374232946635,1.669
160,Jamaica,2011,5.374446392,8.999515533,0.854584217,66.22000122,0.795613527,-0.061701879,0.909116149,0.835871994,0.23715882,0.36498814799999996,0.20808394300000002,-0.011335485,50.0,2601037.0,1.9223102170403572e-05,1.9223102170403572,2.244
161,Japan,2011,6.262793541000001,10.48499584,0.916703701,73.98000336,0.814396441,-0.06277260900000001,0.733798981,0.7757174370000001,0.18105547100000002,0.231063634,1.033112645,1.356333971,28766.0,120927000.0,0.00023787905099770937,23.78790509977094,1.287
162,Japan,2012,5.968216419,10.50143337,0.9052954320000001,74.16000366,0.752831519,,0.692387402,0.776910841,0.17147471,0.169178054,1.024869084,1.3860784769999999,26338.0,120735000.0,0.00021814718184453555,21.814718184453554,1.3259999999999998
163,Japan,2013,5.959361553,10.52268124,0.923688352,74.33999634,0.821416557,-0.157917306,0.650498211,0.7938088179999999,0.174621537,0.358106881,1.064394474,1.4583613869999998,25991.0,120514000.0,0.00021566788920789287,21.566788920789286,1.293
164,Japan,2014,5.922620772999999,10.52774811,0.9000403290000001,74.51999664,0.8380517359999999,-0.150382042,0.617483139,0.7415080070000001,0.18943283,0.37951529,1.002343178,1.562861204,24357.0,120274000.0,0.00020251259623858855,20.251259623858854,1.3159999999999998
165,Japan,2015,5.879684448,10.54225731,0.9226571920000001,74.69999695,0.8316941859999999,-0.166381299,0.654443085,0.7680906059999999,0.17640863399999998,0.35286721600000004,1.02655673,1.522612214,23092.0,120376310.0,0.000191831764904573,19.1831764904573,1.3230000000000002
166,Kazakhstan,2011,5.735662937000001,9.965378761,0.904971361,60.72000122,0.877888083,-0.245874509,0.801724195,0.695143759,0.154433981,0.716494739,-0.7299700379999999,-0.554897785,3401.0,14853350.0,0.00022897191542648628,22.897191542648628,2.137
167,Kazakhstan,2012,5.759469509,9.998175621,0.8917166590000001,61.24000168,0.8398323059999999,-0.18164201100000002,0.876681805,0.739842832,0.1843815,0.726160645,-0.7925878759999999,-0.604768813,3240.0,15023549.0,0.00021566142593870463,21.566142593870463,2.151
168,Kazakhstan,2013,5.835483074,10.04205036,0.8890097140000001,61.75999832,0.781591058,-0.239924133,0.819989383,0.6738988159999999,0.164444029,0.662005246,-0.822536409,-0.630067945,3512.0,15215382.0,0.00023081904877577178,23.081904877577177,2.031
169,Kazakhstan,2014,5.970097542,10.06846523,0.79529345,62.27999878,0.7994629740000001,-0.006787338,0.805351257,0.717839718,0.169456705,0.603504002,-0.573951423,-0.430692345,3119.0,15428844.0,0.000202153836022971,20.215383602297102,2.15
170,Kazakhstan,2015,5.949995041,10.06577873,0.931349277,62.79999924,0.7401328090000001,-0.047781285,0.713844299,0.730147421,0.173994005,0.8162475229999999,-0.5993639829999999,-0.34953078600000004,2872.0,15646752.0,0.00018355247146500437,18.35524714650044,2.008
171,Kuwait,2011,6.377699375,11.25751114,0.881911993,64.90000153,0.7686035040000001,,0.560423911,0.793242276,0.17682513600000002,,-0.123735443,0.185835257,41.0,3333698.0,1.2298654527194725e-05,1.2298654527194726,1.6669999999999998
172,Kuwait,2012,6.221094608,11.25955486,0.8889166709999999,65.19999695,0.934049547,,,0.820708573,0.09549049300000001,,-0.21968586699999998,0.017574765,56.0,3496698.0,1.6015109111510346e-05,1.6015109111510346,1.7919999999999998
173,Kuwait,2013,6.480031013,11.21296215,0.861948133,65.5,0.7505248790000001,,,0.752347887,0.282628983,,-0.245775267,0.008789944000000001,41.0,3574090.0,1.1471451474361306e-05,1.1471451474361307,1.705
174,Kuwait,2014,6.180138587999999,11.16807175,,65.80000305,,,,,,,-0.254226625,-0.127895653,68.0,3715284.0,1.830277308544919e-05,1.8302773085449189,1.679
175,Kyrgyzstan,2011,4.921049118,7.979545592999999,0.891404092,61.52000046,0.7478084559999999,-0.133019522,0.932496965,0.6814293859999999,0.151315898,0.43668875100000004,-0.8905090090000001,-0.8142959479999999,471.0,4870538.0,9.670389595564186e-05,9.670389595564187,2.296
176,Kyrgyzstan,2012,5.207785606,7.962011337000001,0.8561817409999999,61.93999863,0.7027316690000001,-0.057281565,0.892036796,0.6905240420000001,0.182383269,0.513287067,-0.761174262,-0.8151615259999999,524.0,4932360.0,0.0001062371765240169,10.62371765240169,2.359
177,Kyrgyzstan,2013,5.40242672,8.045762062,0.850715518,62.36000061,0.755036652,-0.063735031,0.899560452,0.72200352,0.13491118,0.43592,-0.725017428,-0.809256732,446.0,5012200.0,8.89828817684849e-05,8.89828817684849,2.391
178,Kyrgyzstan,2014,5.252192974,8.065153122,0.898024797,62.77999878,0.736290097,0.376653016,0.896767378,0.7254606490000001,0.18502533399999999,0.36819616,-0.633556545,-0.838734567,461.0,5096430.0,9.045547569573211e-05,9.04554756957321,2.382
179,Kyrgyzstan,2015,4.9053759569999995,8.082588196,0.856584549,63.20000076,0.8131758570000001,0.221000105,0.8577250240000001,0.766794443,0.17347642800000002,0.58429265,-0.643292069,-0.8890204429999999,417.0,5195827.0,8.0256713705056e-05,8.0256713705056,2.249
180,Latvia,2011,4.966811657,9.892091751,0.836042464,64.86000061,0.56446445,-0.005147552,0.9342556000000001,0.563278019,0.221713215,0.107237339,0.5283887389999999,0.672904313,440.0,1953611.0,0.00022522395707231377,22.52239570723138,1.793
181,Latvia,2012,5.125025272,9.944048882,0.8511952159999999,65.12000275,0.563811779,-0.04060765,0.894979358,0.560012877,0.232224524,0.191219807,0.614571154,0.721494794,444.0,1931521.0,0.0002298706563376738,22.98706563376738,1.774
182,Latvia,2013,5.069770336,9.978767395,0.834022582,65.37999725,0.630507529,-0.075946189,0.836553633,0.6421023610000001,0.227449417,0.23379966600000002,0.682029366,0.757289529,383.0,1912464.0,0.00020026520760652226,20.026520760652225,1.7719999999999998
183,Latvia,2014,5.729115486,10.00659657,0.881255507,65.63999939,0.670653164,-0.046075948,0.803687513,0.652273059,0.225979373,0.229044721,0.66835165,0.8544881940000001,382.0,1894041.0,0.00020168517999346371,20.16851799934637,1.745
184,Latvia,2015,5.880597591,10.04406738,0.879372418,65.90000153,0.65639317,-0.080376849,0.808400393,0.6083796020000001,0.22813718,0.298912108,0.6451104879999999,0.8603100779999999,387.0,1875522.0,0.00020634255423290155,20.634255423290156,1.695
185,Lithuania,2011,5.43243742,10.03689575,0.911411285,64.69999695,0.5657972689999999,-0.151642829,0.9635116459999999,0.5695334670000001,0.274636686,0.18108657,0.765863121,0.684298992,1018.0,2879805.0,0.0003534961568578428,35.34961568578428,1.76
186,Lithuania,2012,5.771037102,10.08786297,0.918690145,64.90000153,0.503027141,-0.277095586,0.956959248,0.5809710029999999,0.277385563,0.145729542,0.8578597309999999,0.800440192,927.0,2837770.0,0.000326664951705036,32.6664951705036,1.741
187,Lithuania,2013,5.595689297000001,10.13237095,0.91251415,65.09999847,0.5558152789999999,-0.240589797,0.9363355040000001,0.580803812,0.29372873899999996,0.38423827299999996,0.9522759909999999,0.811991632,1085.0,2806627.0,0.00038658503605929823,38.65850360592982,1.784
188,Lithuania,2014,6.125723839,10.17573357,0.908239841,65.30000305,0.507947206,-0.26756894600000003,0.956347883,0.619342983,0.286910683,0.344657153,0.851863742,0.918602824,930.0,2781577.0,0.00033434271278486987,33.43427127848699,1.797
189,Lithuania,2015,5.711378098,10.20528412,0.92852354,65.5,0.6414701939999999,-0.257858634,0.92417407,0.594609678,0.276451677,0.367034554,0.8668178320000001,1.021977663,896.0,2753926.0,0.000325353695052082,32.5353695052082,1.6740000000000002
190,Lithuania,2016,5.865552425,10.24116898,0.937873363,66.09999847,0.614239335,-0.270516902,0.949392676,0.5941672920000001,0.249855742,0.279638559,0.914101243,0.990459979,826.0,2717150.0,0.00030399499475553427,30.399499475553426,1.735
191,Macedonia,2011,4.898180008,9.359781265,0.784300089,66.58000183,0.607463241,-0.086839117,0.865062475,0.588336527,0.36275062,,-0.328727812,-0.028869642,128.0,1943093.0,6.587435598810762e-05,6.587435598810762,2.048
192,Macedonia,2012,4.639647484,9.354412079,0.798305035,66.66000366,0.613055706,-0.08397294599999999,0.919845164,0.64188683,0.421751916,0.369646579,-0.260572821,0.005124823,172.0,1945054.0,8.842942149678107e-05,8.842942149678107,1.935
193,Macedonia,2013,5.186190605,9.382424355,0.832253754,66.73999786,0.640952647,0.024955731000000002,0.860541105,0.577911556,0.330875665,0.430279344,-0.236811012,0.008043411,170.0,1947542.0,8.72895167344273e-05,8.72895167344273,2.044
194,Mauritius,2011,5.477073193,9.714852333,0.80027318,64.69999695,0.848193765,0.18318434100000003,0.846761405,0.738434374,0.252504826,0.665332794,0.871115565,0.787446022,118.0,1173352.0,0.00010056658189528803,10.056658189528804,
195,Mauritius,2014,5.6477799420000006,9.812241554,0.784822047,65.30000305,0.8242303129999999,0.167742044,0.879405558,0.808024526,0.222399607,0.56246227,0.8044310809999999,0.858779669,120.0,1151424.0,0.00010421877605469402,10.421877605469401,1.544
196,Mauritius,2016,5.610003471000001,9.881625175,0.836032152,65.80000305,0.8191756609999999,0.130789235,0.8906613590000001,0.7848982809999999,0.24571189300000001,0.565379262,0.91341877,0.739031553,98.0,1157229.0,8.468505369291644e-05,8.468505369291645,1.5590000000000002
197,Mexico,2011,6.909515381,9.68342495,0.824064076,66.68000031,0.831368089,-0.102275625,0.6975802179999999,0.7900987270000001,0.227555886,0.383446395,-0.273038357,-0.090883285,5558.0,107655100.0,5.1627837417827856e-05,5.1627837417827855,2.362
198,Mexico,2012,7.320185184,9.704709053,0.767279446,66.86000061,0.7877683040000001,-0.095760457,0.633281112,0.7844792009999999,0.27811053399999996,0.3614088,-0.274854422,-0.031542644,5381.0,109368765.0,4.9200518996442905e-05,4.920051899644291,2.445
199,Mexico,2013,7.4425463679999995,9.704125404,0.759138405,67.04000092,0.7387166620000001,-0.16755531699999998,0.614747047,0.789685428,0.22294873,0.395571351,-0.302915752,-0.060540289000000004,5711.0,111036708.0,5.143344127241236e-05,5.143344127241236,2.434
200,Mexico,2014,6.679831028,9.718518257000001,0.781964958,67.22000122,0.7791329029999999,-0.097106457,0.629851162,0.80164963,0.22873041,0.327582031,-0.426801324,-0.14058508,6178.0,112692589.0,5.482170615496286e-05,5.482170615496286,2.5
201,Mexico,2015,6.236287117000001,9.737350464,0.760614276,67.40000153,0.719465971,-0.154544055,0.7079719309999999,0.74482131,0.23718804100000002,0.256193161,-0.43703159700000005,-0.161394864,6234.0,114357884.0,5.451307581032192e-05,5.451307581032192,2.53
202,Moldova,2011,5.792262554,8.337878227000001,0.869413555,61.61999893,0.62802279,-0.034252147999999996,0.956644356,0.567914069,0.284829497,0.23894321899999998,0.000105379,-0.413514614,502.0,3366699.0,0.0001491074788687673,14.910747886876731,1.892
203,Moldova,2012,5.995712757000001,8.330985069,0.826219797,61.93999863,0.602418542,-0.002011025,0.955484569,0.567696512,0.313725889,0.21462217,0.006032201,-0.40228766200000005,571.0,3365119.0,0.00016968196369875776,16.968196369875777,1.927
204,Moldova,2013,5.75605917,8.421093941,0.8028829690000001,62.25999832,0.657734275,-0.021718888,0.940632403,0.581803799,0.260602951,0.1450174,-0.035258129,-0.40228518799999996,576.0,3363814.0,0.00017123420022629074,17.123420022629073,1.984
205,Moldova,2014,5.917058468,8.468586922,0.8049688340000001,62.58000183,0.623186231,-0.066144489,0.924806714,0.582632899,0.259689748,0.177369043,-0.073721215,-0.37434741899999996,581.0,3362985.0,0.00017276318508705808,17.276318508705806,1.971
206,Moldova,2015,6.0174722670000005,8.465222359,0.8399055000000001,62.90000153,0.595241427,-0.042187758,0.943118811,0.590383232,0.281455815,0.174305618,-0.149429277,-0.496406794,556.0,3362560.0,0.00016535020936429387,16.535020936429387,1.942
207,Moldova,2016,5.577784061,8.509845733999999,0.83732146,63.59999847,0.557369471,0.000704906,0.969482958,0.621101141,0.274551123,0.08406124300000001,-0.162387952,-0.542850018,546.0,3362300.0,0.00016238884097195371,16.23888409719537,1.953
208,Mongolia,2016,5.056999683,9.337942123,0.9474893809999999,61.90000153,0.7597409490000001,0.076226927,0.900452137,0.694095433,0.171171755,0.34938287700000004,0.5648515820000001,-0.219924271,450.0,2698164.0,0.00016678007711910765,16.678007711910766,1.838
209,Netherlands,2011,7.563797951000001,10.73784447,0.938396096,71.51999664,0.92543155,0.330308765,0.359395891,0.8627232309999999,0.181386188,0.603366792,1.325339317,1.8857043980000001,1650.0,15772162.0,0.00010461470025479069,10.461470025479068,1.628
210,Netherlands,2012,7.470715522999999,10.72351742,0.9388846759999999,71.63999939,0.8771186470000001,0.28282368199999997,0.433753788,0.860640585,0.226289868,0.574513912,1.396525145,1.8863096240000001,1756.0,15839503.0,0.0001108620642958305,11.086206429583049,1.606
211,Netherlands,2013,7.406550407,10.71866417,0.9247054459999999,71.76000214,0.9189958570000001,0.2992917,0.5045299529999999,0.866824448,0.23544322,0.542986929,1.355394006,1.85887289,1856.0,15899508.0,0.00011673317186921758,11.673317186921759,1.508
212,Netherlands,2014,7.32118845,10.72916317,0.9089957479999999,71.87999725,0.910179615,0.326043248,0.45694837,0.867766142,0.220656529,0.525242269,1.296198368,1.889317155,1839.0,15899508.0,0.00011566395639412238,11.566395639412239,1.475
213,Netherlands,2015,7.324437141000001,10.74708652,0.8790104390000001,72.0,0.903978765,0.255913168,0.41182211,0.834133685,0.20212863399999997,0.579621017,1.243579149,1.865079641,1873.0,16057342.0,0.00011664446083293238,11.664446083293237,1.432
214,Netherlands,2016,7.540877342000001,10.76362324,0.9259442090000001,72.09999847,0.907310009,0.233066663,0.43330425,0.838432372,0.21485073899999999,0.572273314,1.226236224,1.9043831830000002,1895.0,16155753.0,0.00011729567789257486,11.729567789257485,1.541
215,New Zealand,2011,7.190638065,10.39618587,0.9536498790000001,72.12000275,0.934768736,0.280214965,0.26933020399999996,0.863912702,0.21014964600000002,0.635153055,1.477903485,2.0125904080000003,493.0,4090460.0,0.00012052434200554461,12.052434200554462,1.279
216,New Zealand,2012,7.249629973999999,10.41539097,0.9300286170000001,72.23999786,0.901853085,0.28298702800000003,0.28929793800000003,0.866304159,0.20687817,0.61469996,1.489543796,1.965111136,549.0,4120870.0,0.00013322429486977265,13.322429486977265,1.239
217,New Zealand,2013,7.280151844,10.42768669,0.9581534859999999,72.36000061,0.944000423,0.23303757600000002,0.312235802,0.8349564079999999,0.151396915,0.543508649,1.5300021169999998,1.95185113,513.0,4129770.0,0.00012421999288095948,12.421999288095948,1.237
218,Nicaragua,2011,5.3857054710000005,8.350311279,0.800305128,65.72000122,0.778591037,-0.017802316999999998,0.760242522,0.791432261,0.309018821,0.539968431,-0.423232943,-0.6734532120000001,369.0,5177921.0,7.126412318766547e-05,7.126412318766548,2.021
219,Nicaragua,2012,5.448006153,8.401390076,0.894054413,65.94000244,0.8503049020000001,0.018677294,0.643578768,0.8032538290000001,0.254660487,0.5733956689999999,-0.442559004,-0.674270272,316.0,5251443.0,6.017393695409052e-05,6.017393695409052,2.006
220,Nicaragua,2013,5.772274971,8.437874793999999,0.868216038,66.16000366,0.8591490390000001,0.040467962999999996,0.636246741,0.838620186,0.27060955800000003,0.609894693,-0.35343205899999997,-0.630158305,351.0,5326935.0,6.589154926801247e-05,6.589154926801247,1.931
221,Nicaragua,2014,6.2752666470000005,8.473205566,0.8385674359999999,66.37999725,0.817320645,0.105079539,0.698808014,0.81328392,0.333935738,0.584542394,-0.218253791,-0.7072082759999999,311.0,5402424.0,5.7566751517466975e-05,5.756675151746697,1.882
222,Nicaragua,2015,5.924112797,8.508540154,0.8269085290000001,66.59999847,0.809259176,0.077999569,0.727998376,0.79668498,0.345594645,0.6034554839999999,-0.250673711,-0.708666265,315.0,5476483.0,5.751866663331193e-05,5.751866663331192,1.947
223,Norway,2012,7.678277016,11.05094433,0.9476574059999999,72.23999786,0.9465658659999999,0.128627837,0.36804267799999996,0.8227498529999999,0.212821111,0.663340509,1.527816534,1.917715073,515.0,4706585.0,0.000109421162052741,10.9421162052741,1.48
224,Norway,2014,7.444470882,11.05752373,0.9411619309999999,72.68000031,0.9563161729999999,0.162420183,0.404825836,0.833696604,0.194354936,0.699690521,1.402022839,1.9326351880000001,548.0,4827178.0,0.0001135238849696448,11.35238849696448,1.371
225,Norway,2015,7.603433609,11.06676769,0.946833968,72.90000153,0.9476205109999999,0.23833723399999998,0.298814356,0.842887521,0.209409878,0.586871624,1.4247587919999998,1.9314028019999998,590.0,4882909.0,0.00012082961202021172,12.082961202021172,1.393
226,Panama,2011,7.24808073,9.746473312,0.876284182,68.5,0.829012871,0.019145500000000003,0.8396844859999999,0.885293245,0.17964132100000002,0.461056739,0.253209829,0.053303592000000004,144.0,3334191.0,4.3188887499246444e-05,4.318888749924644,1.812
227,Panama,2012,6.859835625,9.822350502,0.89739114,68.69999695,0.7831825020000001,0.008150788,0.7957966329999999,0.868587494,0.206641346,0.36155623200000003,0.14499214300000002,0.028142723999999997,135.0,3395244.0,3.976150167705178e-05,3.9761501677051783,1.899
228,Panama,2013,6.86648035,9.871889114,0.8957198259999999,68.90000153,0.8113379479999999,0.028136179,0.814464629,0.86871475,0.22574551399999998,0.41827589299999995,0.141505435,0.022553972999999998,130.0,3457387.0,3.760065043340534e-05,3.7600650433405343,1.893
229,Panama,2014,6.631171227,9.90438652,0.87347424,69.09999847,0.893915117,0.011850909,0.846593857,0.807689786,0.25381565100000003,0.4400675,0.357318044,0.05853897,147.0,3520213.0,4.175883675220789e-05,4.175883675220789,1.877
230,Panama,2015,6.605550289,9.942067146,0.88261503,69.30000305,0.846669197,0.00271332,0.809942901,0.800633788,0.26382586399999997,0.375584841,0.472272336,0.04195071400000001,110.0,3583382.0,3.069725750701432e-05,3.069725750701432,1.903
231,Paraguay,2011,5.677080631,8.923278809,0.869149685,64.62000275,0.6658642889999999,0.206448629,0.7559970020000001,0.809841335,0.190262824,0.367264926,-0.387943298,-0.692106068,298.0,5610499.0,5.311470512694147e-05,5.311470512694147,1.954
232,Paraguay,2012,5.820058346000001,8.897328377000001,0.931004941,64.73999786,0.748206615,0.215980485,0.77365911,0.83717531,0.212838635,0.296063691,-0.492819548,-0.728666604,275.0,5695283.0,4.8285572464090017e-05,4.828557246409002,1.973
233,Paraguay,2013,5.9362406729999995,9.015202522000001,0.9386472109999999,64.86000061,0.9089058640000001,0.05795756,0.902550995,0.918937087,0.223824456,0.37223771200000005,-0.420400292,-0.7571361059999999,323.0,5786207.0,5.582240663011192e-05,5.582240663011192,2.06
234,Paraguay,2014,5.118641853,9.048003197,0.959249556,64.98000336,0.759396434,0.010721216,0.7623757720000001,0.9436206220000001,0.215778142,0.193541795,-0.095734909,-0.711251497,379.0,5877594.0,6.448216736304005e-05,6.448216736304005,1.976
235,Philippines,2011,4.9939565660000005,8.649484634,0.788763285,60.79999924,0.882837474,0.067929983,0.782946467,0.851471841,0.358326375,0.722774804,-0.7060421709999999,-0.32887488600000003,2449.0,84201767.0,2.9084900320441017e-05,2.9084900320441016,2.574
236,Poland,2011,5.646204947999999,10.03673458,0.9045786259999999,67.45999908,0.868148923,-0.072977275,0.907953143,0.725359917,0.22381022600000003,0.27237618,1.049845338,0.718040705,6113.0,36008237.0,0.00016976671198870415,16.976671198870413,1.545
237,Poland,2012,5.87593174,10.05268764,0.9359238740000001,67.62000275,0.811301708,-0.03269821,0.8878958229999999,0.7874891759999999,0.266746789,0.26862874600000003,1.056877136,0.769939899,6368.0,36013446.0,0.0001768228455560737,17.68228455560737,1.524
238,Poland,2013,5.746131897000001,10.06711483,0.911934912,67.77999878,0.775931358,-0.143367842,0.915677428,0.784124315,0.241980955,0.163588136,0.98574698,0.7961180809999999,6218.0,36023694.0,0.00017260861698414383,17.260861698414384,1.53
239,Poland,2014,5.750282287999999,10.10016727,0.923642278,67.94000244,0.8753570909999999,-0.070496768,0.897741735,0.776996672,0.222643748,0.252522856,0.97402674,0.8395088909999999,5934.0,36059630.0,0.000164560756724348,16.4560756724348,1.5319999999999998
240,Poland,2015,6.007021904,10.13855839,0.8930904270000001,68.09999847,0.793462157,-0.099409871,0.810096323,0.73438257,0.240432039,0.211427912,0.9572579859999999,0.817674637,5420.0,36086575.0,0.0001501943589825302,15.01943589825302,1.43
241,Portugal,2011,5.2199978830000004,10.19541836,0.8559606670000001,71.0,0.875092566,-0.175307617,0.961977124,0.725109041,0.279200882,0.20997645,0.9248248929999999,0.927496254,1017.0,10062815.0,0.00010106515920246968,10.106515920246968,1.453
242,Portugal,2012,4.9939622880000005,10.15835667,0.86603862,71.19999695,0.773821414,-0.09924101800000001,0.959288418,0.728934467,0.37016996700000004,0.230625153,0.90190047,0.9719284770000001,1076.0,10029396.0,0.000107284626113078,10.7284626113078,1.47
243,Portugal,2013,5.157688141,10.15247917,0.8671808240000001,71.40000153,0.78803277,-0.120431803,0.946257353,0.699667215,0.347898155,0.17921339,0.907849073,1.011040807,1052.0,9985074.0,0.00010535725624066481,10.535725624066481,1.467
244,Portugal,2014,5.12691164,10.16676331,0.86182946,71.59999847,0.8468101020000001,-0.1285045,0.94107008,0.7050722840000001,0.357692271,0.227394462,0.956860006,0.955930233,1222.0,9944433.0,0.00012288282298246667,12.288282298246667,1.425
245,Qatar,2011,6.591604232999999,11.77027607,0.857350588,67.01999664,0.9046874640000001,-0.022148103,,0.76092732,0.327789903,,0.044906914000000006,0.755115509,50.0,1854081.0,2.696753809569269e-05,2.696753809569269,1.398
246,Qatar,2012,6.611298561,11.73848248,0.8381316659999999,67.33999634,0.9243336320000001,0.12791191,,0.7658988240000001,0.322181433,,0.150912732,0.939336121,43.0,2003149.0,2.146620146579211e-05,2.146620146579211,1.395
247,Qatar,2015,6.3745293620000005,11.693157199999998,,68.30000305,,,,,,,-0.074040085,0.8239273429999999,66.0,2354147.0,2.8035632439265686e-05,2.8035632439265687,1.568
248,Romania,2011,5.02275753,9.798009872,0.7526068090000001,65.41999817,0.6504021879999999,-0.14188969099999998,0.9640426040000001,0.542729139,0.294461548,0.116410844,0.281113923,0.043243662,2536.0,20291701.0,0.0001249772012706081,12.497720127060811,1.742
249,Romania,2012,5.1668748860000004,9.814766883999999,0.7400431040000001,65.63999939,0.644536138,-0.11308287800000001,0.959486127,0.555993974,0.342614621,0.23637628600000002,0.20043557899999997,0.005359806,2495.0,19041594.0,0.0001310289464211872,13.10289464211872,1.6269999999999998
250,Romania,2013,5.081584454,9.853186607,0.777552068,65.86000061,0.654542148,-0.13090615,0.95184356,0.639820933,0.32861948,0.24162335699999998,0.24532827699999998,0.118595108,2407.0,19003345.0,0.00012666191136349942,12.666191136349942,1.584
251,Romania,2014,5.726893425,9.887231827,0.75294137,66.08000183,0.7542355059999999,-0.102007471,0.95832473,0.654498339,0.330687732,0.24337944399999997,0.23863147199999998,0.152024388,2209.0,18952235.0,0.00011655617398159108,11.655617398159109,1.6769999999999998
252,Romania,2015,5.777491092999999,9.930908203,0.786967337,66.30000305,0.7958477140000001,-0.143028185,0.9616509679999999,0.714146495,0.311574161,0.24600878399999998,0.33760577399999997,0.17016989,2228.0,18863927.0,0.00011810902364072973,11.810902364072973,1.5419999999999998
253,Romania,2016,5.96887064,9.983716965,0.809229195,66.59999847,0.8217206,-0.117233559,0.9490445259999999,0.694415331,0.257763505,0.181354657,0.4084723,0.18985888399999998,1969.0,18743783.0,0.00010504816450339828,10.504816450339828,1.649
254,Russia,2011,5.388766288999999,10.09864521,0.883416891,61.41999817,0.625847578,-0.289872557,0.935130417,0.601347685,0.16523495300000002,0.479574502,-0.940927982,-0.652670383,31038.0,134745874.0,0.00023034471541592434,23.034471541592435,2.966
255,Russia,2012,5.620735645,10.13286877,0.901295125,61.84000015,0.609104156,-0.303510815,0.937517941,0.6111641529999999,0.173604488,0.452001721,-0.898265421,-0.6548540589999999,29643.0,134668522.0,0.00022011825450939457,22.011825450939458,2.938
256,Russia,2013,5.537177562999999,10.14843559,0.8808569909999999,62.25999832,0.661185563,-0.300293535,0.933804512,0.6797453170000001,0.17992375800000002,0.388303369,-0.87913543,-0.626022995,28690.0,134713962.0,0.00021296975884355624,21.296975884355625,3.06
257,Russia,2014,6.036976814,10.13794994,0.9317554240000001,62.68000031,0.744332075,-0.27549237,0.869267285,0.687637925,0.151346922,0.640166044,-0.994013846,-0.53965503,26541.0,134713962.0,0.0001970174405530438,19.701744055304378,3.039
258,Russia,2015,5.995538712,10.10710335,0.9243632559999999,63.09999847,0.6854547259999999,-0.181272551,0.913418293,0.678731918,0.130005926,0.6492331029999999,-1.058513284,-0.609475136,25432.0,137018943.0,0.00018560937227489778,18.560937227489777,2.954
259,Serbia,2011,4.815186501,9.470233917,0.773210645,66.36000061,0.44045829799999997,-0.186329663,0.9769173859999999,0.545480609,0.410254955,,-0.002128795,-0.15687871,1256.0,6900027.0,0.00018202827322269898,18.202827322269897,2.071
260,Serbia,2012,5.154521942,9.464881897,0.8194304109999999,66.51999664,0.46057468700000004,-0.131628886,0.951667845,0.514332354,0.371236444,0.223251179,-0.009177983,-0.212817714,1243.0,6867174.0,0.00018100604411654635,18.100604411654636,1.92
261,Serbia,2013,5.101840496,9.495140076,0.828068733,66.68000031,0.532839715,-0.100974515,0.908122003,0.529108465,0.403452963,0.34011322299999996,0.1049252,-0.19372983300000002,1197.0,6832840.0,0.0001751833790927345,17.518337909273452,1.912
262,Serbia,2014,5.112728596,9.481352806,0.782708704,66.83999634,0.531597257,0.07106512799999999,0.911732435,0.497755259,0.326117814,0.447972029,0.198361039,-0.036461093,1134.0,6801810.0,0.00016672032885364338,16.672032885364338,1.849
263,Serbia,2015,5.317685127,9.493848801,0.81625104,67.0,0.545892,-0.062290820999999996,0.8593580129999999,0.49624100299999996,0.302544028,0.388694555,0.235008627,-0.029406162000000003,1062.0,6766406.0,0.00015695185893367913,15.695185893367913,1.768
264,Singapore,2011,6.561041832000001,11.22675133,0.9044739009999999,75.01999664,0.821816325,-0.159600928,0.098924451,0.48275423,0.143628925,0.825414777,0.544697285,1.931019545,308.0,3600900.0,8.553417201255242e-05,8.553417201255241,1.585
265,Singapore,2013,6.53320694,11.27589321,0.807910562,75.45999908,0.827102542,0.10394257300000001,0.242398053,0.7696328159999999,0.147687554,0.856165767,0.707473397,1.960736871,357.0,3661456.0,9.750219584777203e-05,9.750219584777202,1.4380000000000002
266,Singapore,2014,7.0623645779999995,11.30101299,0.822033048,75.68000031,0.834887624,0.143033519,0.132603154,0.841017604,0.18023276300000002,0.843872547,0.543806016,2.078053713,355.0,3689370.0,9.622239027259396e-05,9.622239027259397,1.545
267,Singapore,2015,6.619524956,11.31131172,0.86643666,75.90000153,0.8868908879999999,0.139111534,0.098943882,0.8031237720000001,0.141585171,0.90855819,0.574965596,2.100870132,329.0,3719115.0,8.846190558775407e-05,8.846190558775406,1.49
268,Slovakia,2012,5.91105938,10.17421913,0.925751448,67.27999878,0.6200042960000001,-0.038721785,0.9065321679999999,0.656188428,0.302260816,0.368380159,1.0307089090000001,0.618074775,571.0,5116922.0,0.00011159052258369387,11.159052258369387,1.59
269,Slovakia,2013,5.936527252,10.18794155,0.909378529,67.51999664,0.597935796,-0.062200695,0.9145399329999999,0.6975760459999999,0.276509553,0.283493221,1.0395342109999999,0.571237922,616.0,5122209.0,0.0001202606141217588,12.02606141217588,1.622
270,Slovakia,2014,6.1388731,10.21410275,0.924242675,67.76000214,0.634791732,-0.13700857800000002,0.913870215,0.703484714,0.26678460800000003,0.31018149899999997,0.9993536470000001,0.606194735,554.0,5129686.0,0.00010799881318271723,10.799881318271723,1.467
271,Slovenia,2011,6.035964012000001,10.26829433,0.931166053,69.40000153,0.907440901,-0.027567947000000002,0.8931338190000001,0.651520729,0.285320938,0.181583047,1.013063908,0.922107577,435.0,1944561.0,0.00022370087644460625,22.370087644460625,1.358
272,Slovenia,2012,6.062891006,10.23913479,0.924753785,69.59999847,0.904386282,-0.022012195,0.8907541040000001,0.656376362,0.283989847,0.238065988,0.96744442,0.879258931,440.0,1945988.0,0.00022610622470436612,22.610622470436613,1.33
273,Slovenia,2013,5.974888802000001,10.22639275,0.932119727,69.80000305,0.890059829,0.033471618,0.917839587,0.6350996489999999,0.27426928300000003,0.163433194,0.94207418,0.8433558940000001,446.0,1948276.0,0.00022892033777555131,22.89203377755513,1.374
274,Slovenia,2014,5.678395271,10.25476551,0.908347547,70.0,0.887747705,0.049876269,0.909118295,0.619817793,0.290812403,0.17685100399999998,0.960940123,0.848769665,388.0,1951786.0,0.00019879228562967455,19.879228562967455,1.398
275,Slovenia,2015,5.740642071,10.27635193,0.9011637570000001,70.19999695,0.8960072990000001,0.0052524730000000006,0.892197907,0.659085035,0.26141873,0.202604815,0.9700748920000001,0.836637795,422.0,1954632.0,0.00021589741700739576,21.589741700739577,1.378
276,South Africa,2011,4.930511475,9.402507782,0.8577031490000001,51.45999908,0.835448027,-0.162118018,0.819181919,0.7630712390000001,0.230213523,0.627495944,0.307435095,0.256577462,358.0,46806739.0,7.64847130239088e-06,0.7648471302390879,
277,South Africa,2012,5.133887768,9.410440445,0.9065951109999999,52.41999817,0.590144992,-0.17093914699999999,0.838216782,0.761366546,0.17818324300000002,0.42587745200000005,0.278383315,0.18055927800000002,487.0,47484256.0,1.025603096740107e-05,1.0256030967401069,2.321
278,South Africa,2013,3.660727262,9.42057991,0.8394244909999999,53.38000107,0.714169025,-0.085031547,0.799543023,0.772517681,0.16654908699999998,0.510355353,0.277204454,0.236591816,587.0,48192699.0,1.2180268218636188e-05,1.2180268218636188,2.292
279,South Africa,2014,4.828456402,9.424621582,0.881152213,54.34000015,0.7940309640000001,-0.125209555,0.8202580209999999,0.797623813,0.24335815,0.487997681,0.247864604,0.187507555,580.0,48912129.0,1.185799947493596e-05,1.185799947493596,2.364
280,South Africa,2015,4.887325764,9.423648834,0.898096263,55.29999924,0.8624494079999999,-0.135523975,0.85269475,0.780759215,0.160787657,0.5839956999999999,0.220615461,0.165580496,482.0,49627460.0,9.712364888309818e-06,0.9712364888309818,2.376
281,South Korea,2011,6.9465990070000005,10.34908676,0.809104383,71.66000366,0.68235606,-0.053439561,0.827300906,0.655811727,0.16783261300000002,0.283037215,0.5697074529999999,0.948907077,15906.0,47798017.0,0.0003327753115783025,33.277531157830246,1.829
282,South Korea,2012,6.003286838999999,10.36649513,0.77539736,71.91999817,0.61839807,,0.843719423,0.663814723,0.206364661,0.230812564,0.49634954299999995,0.903217018,14159.0,48020985.0,0.0002948502618178282,29.48502618178282,1.734
283,South Korea,2013,5.958809852999999,10.39049339,0.79669416,72.18000031,0.641884267,-0.05462034,0.831863225,0.6762949229999999,0.18876551100000002,0.34858638,0.492203116,0.921272159,14426.0,48248224.0,0.0002989954614702502,29.899546147025017,1.822
284,South Korea,2014,5.801325321,10.41707993,0.737754107,72.44000244,0.6231936220000001,-0.04790877599999999,0.834068358,0.652948856,0.282807708,0.28410351300000003,0.39439737799999997,0.954131842,13834.0,48465917.0,0.00028543770254052964,28.543770254052966,1.849
285,South Korea,2015,5.780211448999999,10.43932724,0.768350601,72.69999695,0.61584878,-0.040622089,0.840721607,0.649948239,0.24432371600000002,0.264757395,0.39599037200000003,0.8580032590000001,13510.0,48671752.0,0.0002775737351718919,27.757373517189187,1.7009999999999998
286,Spain,2011,6.518249035,10.37562275,0.944443703,73.01999664,0.8186509009999999,-0.12566027,0.845543444,0.737269402,0.35610154299999996,0.30866271300000003,0.553485274,1.098813653,3180.0,43642571.0,7.286463485389072e-05,7.2864634853890715,1.641
287,Spain,2012,6.290690422000001,10.34525871,0.937023342,73.13999939,0.7545861009999999,-0.06326709700000001,0.8435930009999999,0.749276638,0.36647447899999996,0.339146554,0.5173311829999999,1.0666815040000002,3539.0,44318859.0,7.985313881839783e-05,7.985313881839782,1.548
288,Spain,2013,6.150027275,10.33133125,0.928640485,73.26000214,0.759356439,-0.105050765,0.9158225659999999,0.6962958570000001,0.371839374,0.18454965899999998,0.500444174,1.004293799,3873.0,44227625.0,8.756970332456242e-05,8.756970332456243,1.5630000000000002
289,Spain,2014,6.456477642,10.34802628,0.947864413,73.37999725,0.738472342,-0.031811371,0.8538879159999999,0.7162659170000001,0.335460007,0.210619807,0.6184236999999999,0.873171568,3911.0,44172771.0,8.85387063446846e-05,8.85387063446846,1.548
290,Spain,2015,6.380663395,10.38254833,0.95647186,73.5,0.73200047,-0.075814046,0.8216649290000001,0.7322694059999999,0.284693688,0.277751327,0.648124874,0.8668504359999999,3604.0,44186528.0,8.156332174367717e-05,8.156332174367718,1.4509999999999998
291,Sweden,2011,7.382232189,10.68636227,0.920521259,71.98000336,0.941115439,0.15554896,0.268513024,0.8145614859999999,0.179151982,0.638707519,1.421821833,2.000473976,1112.0,8884644.0,0.00012515977004818652,12.515977004818652,1.401
292,Sweden,2012,7.560147762000001,10.67609787,0.929397464,72.05999756,0.944382191,0.125826225,0.253543109,0.855099976,0.170226127,0.6264972089999999,1.4304776190000001,2.032324076,1154.0,8948909.0,0.0001289542669391319,12.89542669391319,1.419
293,Sweden,2013,7.434010506,10.6799593,0.915648043,72.13999939,0.935910523,0.152734622,0.324481547,0.829284012,0.184420303,0.579855025,1.392944098,2.019759655,1230.0,9024081.0,0.0001363019680341965,13.63019680341965,1.319
294,Sweden,2014,7.239147663,10.69574738,0.932719827,72.22000122,0.9452733990000001,0.19555693899999999,0.25038999300000003,0.8356722590000001,0.20768831699999998,0.563272059,1.338251948,1.9401652809999999,1148.0,9114524.0,0.00012595281991687114,12.595281991687113,1.381
295,Sweden,2015,7.28892231,10.72939968,0.929459989,72.30000305,0.9350720640000001,0.204892784,0.231964141,0.8179419640000001,0.19099177399999998,0.49930203,1.256156087,1.977543712,1182.0,9114524.0,0.00012968312991440913,12.968312991440913,1.36
296,Sweden,2016,7.368744372999999,10.74867249,0.912060678,72.40000153,0.918036401,0.13858190199999998,0.246182442,0.815695107,0.200606912,0.485791326,1.290886164,1.9597549440000002,1135.0,9253843.0,0.00012265174587465985,12.265174587465985,1.461
297,Switzerland,2012,7.776208877999999,10.93577576,0.94686389,72.77999878,0.9454280140000001,0.13308765,0.323240787,0.8591072559999999,0.176007092,0.769940197,1.529229045,1.879036784,1038.0,7595591.0,0.0001366582271214972,13.66582271214972,1.349
298,Switzerland,2014,7.492803574,10.95462418,0.958796322,73.05999756,0.949401438,0.054532632000000004,0.283089578,0.8229132290000001,0.188794166,0.75163132,1.481070995,2.016315699,1032.0,7809621.0,0.00013214469690654642,13.214469690654642,1.258
299,Switzerland,2015,7.572136878999999,10.95543003,0.93833375,73.19999695,0.9278024440000001,0.103407413,0.209533513,0.808529079,0.16575907199999998,0.787730038,1.44887805,1.955272675,1073.0,7892502.0,0.0001359518185741353,13.59518185741353,1.275
300,Thailand,2011,6.663609028,9.513044357,0.884350836,65.72000122,0.92688185,0.39353129299999995,0.923195601,0.9343736770000001,0.11667592800000001,0.539867997,-0.7693576809999999,-0.029972352,3873.0,60261832.0,6.426953631280244e-05,6.426953631280244,2.247
301,Thailand,2012,6.300235271,9.578331947,0.906098127,65.94000244,0.8469328279999999,0.37302619200000003,0.908612072,0.8545439840000001,0.137503058,0.702815235,-0.7688859109999999,-0.012249041,3985.0,60382255.0,6.59962103104629e-05,6.59962103104629,2.303
302,Thailand,2013,6.231024742000001,9.600452423,0.926377833,66.16000366,0.781081975,0.449315608,0.9254300590000001,0.845980763,0.140830517,0.506152332,-0.87080425,0.002603438,3961.0,60766487.0,6.518395575508586e-05,6.5183955755085865,2.378
303,Thailand,2014,6.985463619,9.606240273,0.9331673979999999,66.37999725,0.899846315,0.545570731,0.919834435,0.811369598,0.16873844,0.7203049659999999,-0.8905844690000001,-0.0076066219999999995,3952.0,61139919.0,6.463862014602931e-05,6.463862014602931,2.395
304,Thailand,2015,6.201762676,9.632480621000001,0.866324544,66.59999847,0.8849165440000001,0.30895912600000003,0.913651109,0.91049695,0.174081355,0.657713354,-0.981742799,0.00030103,4205.0,61261276.0,6.864042466239196e-05,6.864042466239195,2.303
305,Thailand,2016,6.07363987,9.661786079,0.9075436590000001,66.80000305,0.9241456990000001,0.348688185,0.8779783840000001,0.8347583409999999,0.217879668,0.645925045,-1.006826162,0.028992694,4131.0,61333728.0,6.735282746876238e-05,6.735282746876238,2.312
306,Trinidad and Tobago,2011,6.518745899,10.3421526,0.862838507,62.54000092,0.775391877,0.057959624,0.899956524,0.9061784740000001,0.134090632,0.5209879279999999,0.330911636,0.12118150300000001,139.0,1237186.0,0.00011235174015871502,11.235174015871502,2.051
307,Turkey,2011,5.271944046000001,9.886386871000001,0.6919016840000001,64.63999939,0.44560664899999997,-0.246597037,0.6485962270000001,0.621293306,0.379784316,0.5962018370000001,-0.548423886,0.20949310100000001,1148.0,68034357.0,1.687382743986248e-05,1.6873827439862479,2.411
308,Turkey,2012,5.309076309,9.917490959,0.7392805809999999,64.87999725,0.47090321799999996,-0.22047071199999999,0.701850235,0.644781053,0.334832817,0.53099966,-0.713732719,0.255665541,1450.0,68976439.0,2.102167089257826e-05,2.102167089257826,2.344
309,Turkey,2013,4.888177395,9.982795715,0.795451164,65.12000275,0.540723383,-0.23445962399999998,0.698064804,0.634615362,0.391873837,0.5383117789999999,-0.750629425,0.242376864,1810.0,69880352.0,2.590141503580291e-05,2.590141503580291,2.437
310,Turkey,2014,5.5797944070000005,10.01690006,0.8632882829999999,65.36000061,0.649196088,-0.028981781,0.7640135290000001,0.483358771,0.37732493899999997,0.556478322,-0.7122278209999999,0.155479848,1617.0,70931420.0,2.279666754169027e-05,2.279666754169027,2.402
311,Turkey,2015,5.514465332,10.05999851,0.851224601,65.59999847,0.653196752,-0.021746771,0.8060762290000001,0.46024552,0.38229098899999997,0.48608464,-0.930810809,0.056651667,1532.0,71880464.0,2.131316236355959e-05,2.131316236355959,2.363
312,Turkmenistan,2011,5.7917547229999995,9.324788094,0.964418709,60.04000092,,-0.0026033379999999997,,0.639032722,0.122067995,,-0.9657959340000001,-1.654999137,130.0,4626095.0,2.8101454898786124e-05,2.8101454898786122,2.248
313,Turkmenistan,2012,5.463827133,9.412086487,0.945841253,60.27999878,0.78556335,-0.144082606,,0.584448338,0.1168807,,-0.911170244,-1.53964889,138.0,4690058.0,2.9423943158059027e-05,2.9423943158059025,2.242
314,Turkmenistan,2013,5.391762732999999,9.490698814,0.8457331659999999,60.52000046,0.704529464,-0.09296216800000001,,0.598715961,0.159606159,,-0.983656526,-1.54182148,101.0,4748055.0,2.127186816496439e-05,2.127186816496439,2.154
315,Turkmenistan,2014,5.787379265,9.570275307000001,0.9089274409999999,60.75999832,0.804678082,0.01021129,,0.695216238,0.153949738,,-1.092476249,-1.3949156999999999,136.0,4811227.0,2.8267217489426295e-05,2.8267217489426297,2.093
316,Turkmenistan,2015,5.791460037,9.615293503,0.9601584670000001,61.0,0.701358378,0.070877671,,0.705347836,0.30103889100000003,,-1.1626043320000001,-1.422184825,133.0,4886514.0,2.7217767103501597e-05,2.72177671035016,2.135
317,Ukraine,2011,5.083132743999999,9.021823883,0.859458685,62.5,0.57866931,-0.20827168199999999,0.932535291,0.59043014,0.21964775,0.236262515,-0.101436049,-0.823976278,8973.0,43074791.0,0.0002083120960470824,20.83120960470824,1.995
318,Ukraine,2012,5.030342102,9.026679039,0.897573471,62.79999924,0.5636497739999999,-0.203787565,0.8962370159999999,0.5703376529999999,0.19281907399999998,0.236936122,-0.185908958,-0.7597025040000001,9058.0,42915935.0,0.00021106379250504504,21.106379250504503,1.953
319,Ukraine,2014,4.2973299030000005,9.017176628,0.876760185,63.40000153,0.533267498,0.103183851,0.926788926,0.594336987,0.248560056,0.242528632,-1.081532598,-0.7068514229999999,7968.0,40464165.0,0.00019691497402701873,19.691497402701874,2.546
320,Ukraine,2015,3.9645428660000004,8.917972565,0.909439743,63.70000076,0.43059203,-0.01374052,0.952472746,0.574076056,0.241075858,0.084303714,-1.024301887,-0.727918148,7574.0,40345446.0,0.00018772874638689084,18.772874638689085,2.845
321,United Kingdom,2011,6.8692488670000005,10.50802135,0.94871068,71.37999725,0.8997744320000001,0.33220022899999996,0.43759530799999996,0.844498098,0.17390841199999998,0.46789002399999996,0.824559629,1.6202971940000002,4393.0,58881852.0,7.460702832512809e-05,7.460702832512809,1.631
322,United Kingdom,2012,6.880784035,10.51577282,0.934574962,71.45999908,0.888970494,0.367420435,0.425169915,0.844452202,0.18424452800000002,0.421262175,0.870701671,1.646371841,4444.0,59708630.0,7.44281019343435e-05,7.442810193434349,1.609
323,United Kingdom,2013,6.918055057999999,10.52939415,0.936884105,71.54000092,0.905278027,0.342439383,0.568043172,0.7757444379999999,0.25209578899999996,0.37923163200000004,0.907619238,1.667560935,4824.0,60091793.0,8.027718527220515e-05,8.027718527220514,1.787
324,United Kingdom,2014,6.758147717000001,10.55194569,0.9102473259999999,71.62000275,0.85703969,0.35052102799999996,0.48411843200000004,0.7939926979999999,0.251140326,0.42267209299999997,0.8455686570000001,1.770141125,4788.0,60570482.0,7.904840512908582e-05,7.9048405129085815,1.798
325,United Kingdom,2015,6.515445232,10.56718445,0.935985744,71.69999695,0.832926095,0.295849711,0.456133723,0.7977851029999999,0.219261855,0.456811696,0.907748461,1.819778919,4910.0,61082942.0,8.038250678888388e-05,8.038250678888389,1.685
326,United States of America,2011,7.115138531,10.81564426,0.921705008,68.68000031,0.863202393,0.152239069,0.6969257590000001,0.836360335,0.27337852100000004,0.38253158299999995,0.859106541,1.462400675,39508.0,290313825.0,0.00013608721527471178,13.608721527471179,2.063
327,United States of America,2012,7.026226997,10.83013153,0.903192282,68.66000366,0.822662294,0.20624339600000002,0.71003443,0.833771288,0.259643853,0.348855615,0.897014558,1.467069626,40596.0,292827128.0,0.00013863469644110295,13.863469644110294,2.0580000000000003
328,United States of America,2013,7.249285221,10.83965302,0.92539686,68.63999939,0.79225564,0.26556313,0.7468940620000001,0.813677669,0.260328352,0.288647503,0.873045623,1.415543795,41143.0,295322862.0,0.0001393153233087657,13.931532330876571,2.126
329,United States of America,2014,7.151114464,10.85749722,0.902097046,68.62000275,0.8660768870000001,0.212869316,0.702267468,0.8342944379999999,0.281265348,0.34867119799999996,0.8268213870000001,1.433887959,42769.0,297749735.0,0.0001436407659607153,14.364076596071529,2.137
330,United States of America,2015,6.863946915,10.8781538,0.9035710690000001,68.59999847,0.8487534520000001,0.21095648399999997,0.697542608,0.813907623,0.27468776699999997,0.346936464,0.893903494,1.428244591,44189.0,300078511.0,0.0001472581287235193,14.72581287235193,2.0380000000000003
331,Uruguay,2012,6.449728489,9.824302673,0.864693701,68.27999878,0.870590031,0.05741559,0.615349591,0.7878680229999999,0.214202747,0.584287286,0.885067225,0.7065817120000001,599.0,3151939.0,0.00019004174890440456,19.004174890440456,1.628
332,Uruguay,2013,6.444464684,9.866334915,0.9172796609999999,68.41999817,0.888278008,-0.0529311,0.585632265,0.826393127,0.253228515,0.524399817,0.945000768,0.7323606009999999,546.0,3164670.0,0.000172529837234214,17.252983723421398,1.528
333,Uruguay,2014,6.561443806000001,9.894828796,0.901897848,68.55999756,0.9043328759999999,-0.08265995200000001,0.53349489,0.869248688,0.251498908,0.595346212,1.049871445,0.7755823140000001,591.0,3177645.0,0.00018598679210547433,18.598679210547434,1.565
334,Uruguay,2015,6.628080367999999,9.895024300000001,0.8914934990000001,68.69999695,0.916879654,-0.042141985,0.6734756829999999,0.892660975,0.299538106,0.550558805,1.07378161,0.7457060809999999,630.0,3190795.0,0.00019744295700601261,19.74429570060126,1.721
335,Uzbekistan,2011,5.738744259,8.405142784,0.9240712520000001,63.40000153,0.934132695,0.040412325,0.52186209,0.78715378,0.122773238,,-1.362074971,-1.265641689,1640.0,25978049.0,6.313022198087316e-05,6.3130221980873165,2.26
336,Uzbekistan,2012,6.019331932,8.469233512999999,0.933141291,63.59999847,0.913550138,-0.039794546,0.46337509200000004,0.785678804,0.118176885,,-1.276144028,-1.2705966229999999,1835.0,26381830.0,6.95554478214741e-05,6.95554478214741,2.219
337,Uzbekistan,2013,5.939986229,8.530575752,0.962780654,63.79999924,0.9495399590000001,-0.036925334,0.433931798,0.7491927740000001,0.130197287,,-1.251288056,-1.25158143,1950.0,26838924.0,7.26556698025599e-05,7.265566980255989,2.333
338,Uzbekistan,2014,6.049212456,8.588744164,0.952406049,64.0,0.954481184,0.057863686,0.536461055,0.804544687,0.106158175,,-1.0931802990000001,-1.16349411,2095.0,27313507.0,7.670197752342825e-05,7.670197752342824,2.1790000000000003
